{"accuracy": [0.4966925084590912, 0.8218792080879211, 0.890831470489502, 0.9242691397666931, 0.9421651363372803, 0.9548261165618896, 0.9612419009208679, 0.9664983153343201, 0.9704246520996094, 0.9733480215072632], "loss": [1.8551156520843506, 0.5863654017448425, 0.34651675820350647, 0.2360566407442093, 0.1748833954334259, 0.13807524740695953, 0.11530278623104095, 0.09930165857076645, 0.08768297731876373, 0.07995705306529999], "val_accuracy": [0.8433303236961365, 0.9059867858886719, 0.9239130616188049, 0.9500341415405273, 0.954245388507843, 0.9597086310386658, 0.9578875303268433, 0.9645458459854126, 0.9636922478675842, 0.9603345990180969], "val_loss": [0.5362546443939209, 0.31063440442085266, 0.23614194989204407, 0.1618977040052414, 0.1423943042755127, 0.12470243871212006, 0.13179056346416473, 0.11154009401798248, 0.11410396546125412, 0.13169050216674805]}